field_id,fiscal_year,raw_value,reported_unit,source_id,pdf_page_1_based,printed_page,source_label,source_quote,status,note,job_id,statement,normalized_usd_millions,benchmark_usd_millions,delta_usd_millions,numeric_match,evidence_checks_pass,review_status,issues,reviewer_decision,reviewer_name,review_note
accounts_payable,2023,754453,USD thousands,AMKR_2024_10K,56,55,Trade accounts payable,"Trade accounts payable 712,887 754,453 ",found,,balance_2023,balance_sheet,754.453,754.453,0.0,True,True,READY_FOR_HUMAN_REVIEW,,Approve,Eisen,"Matches p.55, 2023 column"
accounts_receivable,2023,1149493,USD thousands,AMKR_2024_10K,56,55,"Accounts receivable, net of allowances","Accounts receivable, net of allowances of $1,318 and $8,114, respectively 1,055,013 1,149,493 ",found,Net accounts receivable for 2023.,balance_2023,balance_sheet,1149.493,1149.493,0.0,True,True,READY_FOR_HUMAN_REVIEW,,Approve,Eisen,"Matches p.55, 2023 column"
accrued_expenses,2023,358414,USD thousands,AMKR_2024_10K,56,55,Accrued expenses,"Accrued expenses 356,337 358,414 ",found,,balance_2023,balance_sheet,358.414,358.414,0.0,True,True,READY_FOR_HUMAN_REVIEW,,Approve,Eisen,"Matches p.55, 2023 column"
capex_payable,2023,106368,USD thousands,AMKR_2024_10K,56,55,Capital expenditures payable,"Capital expenditures payable 123,195 106,368 ",found,,balance_2023,balance_sheet,106.36800000000001,106.368,1.4210854715202004e-14,True,True,READY_FOR_HUMAN_REVIEW,,Approve,Eisen,"Matches p.55, 2023 column"
cash_capex,2023,-749467,USD thousands,AMKR_2025_10K,58,57,"Payments for property, plant and equipment","Payments for property, plant and equipment (904,614) (743,796) (749,467)",found,Negative sign preserved.,cash_operations,cash_flow,749.467,749.467,0.0,True,True,READY_FOR_HUMAN_REVIEW,,Approve,Eisen,"Matches p.57, 2023 column"
cash_equivalents,2023,1119818,USD thousands,AMKR_2024_10K,56,55,Cash and cash equivalents,"Cash and cash equivalents $ 1,133,553 $ 1,119,818 ",found,"2023 column is the second column (December 31, 2023).",balance_2023,balance_sheet,1119.818,1119.818,0.0,True,True,READY_FOR_HUMAN_REVIEW,,Approve,Eisen,"Matches p.55, 2023 column"
cash_interest_paid,2023,54306,USD thousands,AMKR_2025_10K,59,58,Interest,"Interest $ 73,598 $ 60,263 $ 54,306 ",found,Supplemental cash paid for interest; 2023 is the third column.,cash_interest,cash_flow,54.306000000000004,54.306,7.105427357601002e-15,True,True,READY_FOR_HUMAN_REVIEW,,Approve,Eisen,"Matches p.58, 2023 column"
change_in_cash,2023,158211,USD thousands,AMKR_2025_10K,58,57,"Net increase in cash, cash equivalents and restricted cash","Net increase in cash, cash equivalents and restricted cash 311,811 13,695 158,211",found,2023 column.,cash_operations,cash_flow,158.211,158.211,0.0,True,True,READY_FOR_HUMAN_REVIEW,,Approve,Eisen,"Matches p.57, 2023 column"
closing_cash,2023,1120617,USD thousands,AMKR_2025_10K,58,57,"Cash, cash equivalents and restricted cash, end of period","Cash, cash equivalents and restricted cash, end of period $ 1,446,123 $ 1,134,312 $ 1,120,617",found,2023 column.,cash_operations,cash_flow,1120.617,1120.617,0.0,True,True,READY_FOR_HUMAN_REVIEW,,Approve,Eisen,"Matches p.57, 2023 column"
consolidated_net_income,2023,362131,USD thousands,AMKR_2025_10K,54,53,Net income,"Net income 376,116 355,535 362,131",found,2023 column,income,income_statement,362.13100000000003,362.131,5.684341886080802e-14,True,True,READY_FOR_HUMAN_REVIEW,,Approve,Eisen,"Matches p.53, 2023 column"
cost_of_sales,2023,5559912,USD thousands,AMKR_2025_10K,54,53,Cost of sales,"Cost of sales 5,769,382 5,384,480 5,559,912",found,2023 column,income,income_statement,5559.912,5559.912,0.0,True,True,READY_FOR_HUMAN_REVIEW,,Approve,Eisen,"Matches p.53, 2023 column"
current_assets,2023,3195810,USD thousands,AMKR_2024_10K,56,55,Total current assets,"Total current assets 3,073,472 3,195,810 ",found,,balance_2023,balance_sheet,3195.81,3195.81,0.0,True,True,READY_FOR_HUMAN_REVIEW,,Approve,Eisen,"Matches p.55, 2023 column"
current_debt,2023,131624,USD thousands,AMKR_2024_10K,56,55,Short-term borrowings and current portion of long-term debt,"Short-term borrowings and current portion of long-term debt $ 236,029 $ 131,624 ",found,,balance_2023,balance_sheet,131.624,131.624,0.0,True,True,READY_FOR_HUMAN_REVIEW,,Approve,Eisen,"Matches p.55, 2023 column"
current_liabilities,2023,1384475,USD thousands,AMKR_2024_10K,56,55,Total current liabilities,"Total current liabilities 1,455,275 1,384,475 ",found,,balance_2023,balance_sheet,1384.4750000000001,1384.475,2.2737367544323206e-13,True,True,READY_FOR_HUMAN_REVIEW,,Approve,Eisen,"Matches p.55, 2023 column"
current_operating_lease,2023,33616,USD thousands,AMKR_2024_10K,56,55,Short-term operating lease liability,"Short-term operating lease liability 26,827 33,616 ",found,,balance_2023,balance_sheet,33.616,33.616,0.0,True,True,READY_FOR_HUMAN_REVIEW,,Approve,Eisen,"Matches p.55, 2023 column"
depreciation_amortization,2023,631508,USD thousands,AMKR_2025_10K,58,57,Depreciation and amortization,"Depreciation and amortization 642,008 594,663 631,508",found,2023 column (third).,cash_operations,cash_flow,631.508,631.508,0.0,True,True,READY_FOR_HUMAN_REVIEW,,Approve,Eisen,"Matches p.57, 2023 column"
dividends_paid,2023,-74686,USD thousands,AMKR_2025_10K,58,57,Payments of dividends,"Payments of dividends (81,946) (178,605) (74,686)",found,Parentheses preserved as negative.,cash_financing,cash_flow,74.686,74.686,0.0,True,True,READY_FOR_HUMAN_REVIEW,,Approve,Eisen,"Matches p.57, 2023 column"
finance_lease_principal,2023,-66398,USD thousands,AMKR_2025_10K,58,57,Payments of finance lease obligations,"Payments of finance lease obligations (89,942) (72,255) (66,398)",found,Parentheses preserved as negative.,cash_financing,cash_flow,66.398,66.398,0.0,True,True,READY_FOR_HUMAN_REVIEW,,Approve,Eisen,"Matches p.57, 2023 column"
financing_cash_flow,2023,-149207,USD thousands,AMKR_2025_10K,58,57,Net cash provided by (used in) financing activities,"Net cash provided by (used in) financing activities 98,700 (260,432) (149,207)",found,Negative sign preserved.,cash_operations,cash_flow,-149.207,-149.207,0.0,True,True,READY_FOR_HUMAN_REVIEW,,Approve,Eisen,"Matches p.57, 2023 column"
fx_effect,2023,-10692,USD thousands,AMKR_2025_10K,58,57,"Effect of exchange rate fluctuations on cash, cash equivalents and restricted cash","Effect of exchange rate fluctuations on cash, cash equivalents and restricted cash 2,549 (14,417) (10,692)",found,Negative sign preserved.,cash_operations,cash_flow,-10.692,-10.692,0.0,True,True,READY_FOR_HUMAN_REVIEW,,Approve,Eisen,"Matches p.57, 2023 column"
goodwill,2023,20003,USD thousands,AMKR_2024_10K,56,55,Goodwill,"Goodwill 17,947 20,003 ",found,,balance_2023,balance_sheet,20.003,20.003,0.0,True,True,READY_FOR_HUMAN_REVIEW,,Approve,Eisen,"Matches p.55, 2023 column"
gross_profit,2023,943153,USD thousands,AMKR_2025_10K,54,53,Gross profit,"Gross profit 938,599 933,212 943,153",found,2023 column,income,income_statement,943.153,943.153,0.0,True,True,READY_FOR_HUMAN_REVIEW,,Approve,Eisen,"Matches p.53, 2023 column"
income_tax_expense,2023,81710,USD thousands,AMKR_2025_10K,54,53,Income tax expense,"Income tax expense 68,503 75,481 81,710",found,2023 column,income,income_statement,81.71000000000001,81.71,1.4210854715202004e-14,True,True,READY_FOR_HUMAN_REVIEW,,Approve,Eisen,"Matches p.53, 2023 column"
interest_expense,2023,59000,USD thousands,AMKR_2025_10K,54,53,Interest expense,"Interest expense 75,444 64,945 59,000",found,2023 column,income,income_statement,59.0,59,0.0,True,True,READY_FOR_HUMAN_REVIEW,,Approve,Eisen,"Matches p.53, 2023 column"
inventories,2023,393128,USD thousands,AMKR_2024_10K,56,55,Inventories,"Inventories 310,910 393,128 ",found,,balance_2023,balance_sheet,393.128,393.128,0.0,True,True,READY_FOR_HUMAN_REVIEW,,Approve,Eisen,"Matches p.55, 2023 column"
investing_cash_flow,2023,-951910,USD thousands,AMKR_2025_10K,58,57,Net cash used in investing activities,"Net cash used in investing activities (885,044) (800,324) (951,910)",found,Negative sign preserved.,cash_operations,cash_flow,-951.91,-951.91,0.0,True,True,READY_FOR_HUMAN_REVIEW,,Approve,Eisen,"Matches p.57, 2023 column"
long_term_debt,2023,1071832,USD thousands,AMKR_2024_10K,56,55,Long-term debt,"Long-term debt 923,431 1,071,832 ",found,,balance_2023,balance_sheet,1071.832,1071.832,0.0,True,True,READY_FOR_HUMAN_REVIEW,,Approve,Eisen,"Matches p.55, 2023 column"
long_term_debt_repaid,2023,-175427,USD thousands,AMKR_2025_10K,58,57,Payments of long-term debt,"Payments of long-term debt (809,531) (177,214) (175,427)",found,Parentheses preserved as negative.,cash_financing,cash_flow,175.427,175.427,0.0,True,True,READY_FOR_HUMAN_REVIEW,,Approve,Eisen,"Matches p.57, 2023 column"
long_term_operating_lease,2023,56837,USD thousands,AMKR_2024_10K,56,55,Long-term operating lease liabilities,"Long-term operating lease liabilities 57,983 56,837 ",found,,balance_2023,balance_sheet,56.837,56.837,0.0,True,True,READY_FOR_HUMAN_REVIEW,,Approve,Eisen,"Matches p.55, 2023 column"
nci_net_income,2023,-2318,USD thousands,AMKR_2025_10K,54,53,Net income attributable to noncontrolling interests,"Net income attributable to noncontrolling interests (2,221) (1,523) (2,318)",found,2023 column; parentheses negative as reported,income,income_statement,2.318,2.318,0.0,True,True,READY_FOR_HUMAN_REVIEW,,Approve,Eisen,"Matches p.53, 2023 column"
noncontrolling_equity,2023,32727,USD thousands,AMKR_2024_10K,56,55,Noncontrolling interests in subsidiaries,"Noncontrolling interests in subsidiaries 33,620 32,727 ",found,,balance_2023,balance_sheet,32.727000000000004,32.727,7.105427357601002e-15,True,True,READY_FOR_HUMAN_REVIEW,,Approve,Eisen,"Matches p.55, 2023 column"
opening_cash,2023,962406,USD thousands,AMKR_2025_10K,58,57,"Cash, cash equivalents and restricted cash, beginning of period","Cash, cash equivalents and restricted cash, beginning of period 1,134,312 1,120,617 962,406",found,2023 column.,cash_operations,cash_flow,962.4060000000001,962.406,1.1368683772161603e-13,True,True,READY_FOR_HUMAN_REVIEW,,Approve,Eisen,"Matches p.57, 2023 column"
operating_cash_flow,2023,1270020,USD thousands,AMKR_2025_10K,58,57,Net cash provided by operating activities,"Net cash provided by operating activities 1,095,606 1,088,868 1,270,020",found,2023 column.,cash_operations,cash_flow,1270.02,1270.02,0.0,True,True,READY_FOR_HUMAN_REVIEW,,Approve,Eisen,"Matches p.57, 2023 column"
operating_expenses,2023,472866,USD thousands,AMKR_2025_10K,54,53,Total operating expenses,"Total operating expenses 471,214 494,757 472,866",found,2023 column,income,income_statement,472.866,472.866,0.0,True,True,READY_FOR_HUMAN_REVIEW,,Approve,Eisen,"Matches p.53, 2023 column"
operating_income,2023,470287,USD thousands,AMKR_2025_10K,54,53,Operating income,"Operating income 467,385 438,455 470,287",found,2023 column,income,income_statement,470.28700000000003,470.287,5.684341886080802e-14,True,True,READY_FOR_HUMAN_REVIEW,,Approve,Eisen,"Matches p.53, 2023 column"
operating_lease_rou,2023,117006,USD thousands,AMKR_2024_10K,56,55,Operating lease right of use assets,"Operating lease right of use assets 109,730 117,006 ",found,,balance_2023,balance_sheet,117.006,117.006,0.0,True,True,READY_FOR_HUMAN_REVIEW,,Approve,Eisen,"Matches p.55, 2023 column"
other_assets,2023,138062,USD thousands,AMKR_2024_10K,56,55,Other assets,"Other assets 166,272 138,062 ",found,,balance_2023,balance_sheet,138.062,138.062,0.0,True,True,READY_FOR_HUMAN_REVIEW,,Approve,Eisen,"Matches p.55, 2023 column"
other_current_assets,2023,58502,USD thousands,AMKR_2024_10K,56,55,Other current assets,"Other current assets 61,012 58,502 ",found,,balance_2023,balance_sheet,58.502,58.502,0.0,True,True,READY_FOR_HUMAN_REVIEW,,Approve,Eisen,"Matches p.55, 2023 column"
other_income_expense,2023,-32554,USD thousands,AMKR_2025_10K,54,53,"Other (income) expense, net","Other (income) expense, net (52,678) (57,506) (32,554)",found,2023 column; parentheses negative (income),income,income_statement,-32.554,-32.554,0.0,True,True,READY_FOR_HUMAN_REVIEW,,Approve,Eisen,"Matches p.53, 2023 column"
other_noncurrent_liabilities,2023,175813,USD thousands,AMKR_2024_10K,56,55,Other non-current liabilities,"Other non-current liabilities 253,880 175,813 ",found,,balance_2023,balance_sheet,175.81300000000002,175.813,2.842170943040401e-14,True,True,READY_FOR_HUMAN_REVIEW,,Approve,Eisen,"Matches p.55, 2023 column"
parent_equity,2023,3962308,USD thousands,AMKR_2024_10K,56,55,Total Amkor stockholders’ equity,"Total Amkor stockholders’ equity 4,149,545 3,962,308 ",found,,balance_2023,balance_sheet,3962.308,3962.308,0.0,True,True,READY_FOR_HUMAN_REVIEW,,Approve,Eisen,"Matches p.55, 2023 column"
parent_net_income,2023,359813,USD thousands,AMKR_2025_10K,54,53,Net income attributable to Amkor,"Net income attributable to Amkor $ 373,895 $ 354,012 $ 359,813",found,2023 column,income,income_statement,359.813,359.813,0.0,True,True,READY_FOR_HUMAN_REVIEW,,Approve,Eisen,"Matches p.53, 2023 column"
pension_severance,2023,87133,USD thousands,AMKR_2024_10K,56,55,Pension and severance obligations,"Pension and severance obligations 70,594 87,133 ",found,,balance_2023,balance_sheet,87.133,87.133,0.0,True,True,READY_FOR_HUMAN_REVIEW,,Approve,Eisen,"Matches p.55, 2023 column"
ppe_sale_proceeds,2023,8444,USD thousands,AMKR_2025_10K,58,57,"Proceeds from sale of property, plant and equipment","Proceeds from sale of property, plant and equipment 110,279 3,981 8,444",found,Positive inflow.,cash_financing,cash_flow,8.444,8.444,0.0,True,True,READY_FOR_HUMAN_REVIEW,,Approve,Eisen,"Matches p.57, 2023 column"
pretax_income,2023,443841,USD thousands,AMKR_2025_10K,54,53,Income before taxes,"Income before taxes 444,619 431,016 443,841",found,2023 column,income,income_statement,443.841,443.841,0.0,True,True,READY_FOR_HUMAN_REVIEW,,Approve,Eisen,"Matches p.53, 2023 column"
property_plant_equipment_net,2023,3299445,USD thousands,AMKR_2024_10K,56,55,"Property, plant and equipment, net","Property, plant and equipment, net 3,576,148 3,299,445 ",found,,balance_2023,balance_sheet,3299.445,3299.445,0.0,True,True,READY_FOR_HUMAN_REVIEW,,Approve,Eisen,"Matches p.55, 2023 column"
research_development,2023,177473,USD thousands,AMKR_2025_10K,54,53,Research and development,"Research and development 166,743 162,951 177,473",found,2023 column,income,income_statement,177.473,177.473,0.0,True,True,READY_FOR_HUMAN_REVIEW,,Approve,Eisen,"Matches p.53, 2023 column"
restricted_cash_noncurrent,2023,799,USD thousands,AMKR_2024_10K,56,55,Restricted cash,Restricted cash 759 799 ,found,Restricted cash row listed among noncurrent assets.,balance_2023,balance_sheet,0.799,0.799,0.0,True,True,READY_FOR_HUMAN_REVIEW,,Approve,Eisen,"Matches p.55, 2023 column"
revenue,2023,6503065,USD thousands,AMKR_2025_10K,54,53,Net sales,"Net sales $ 6,707,981 $ 6,317,692 $ 6,503,065",found,2023 column,income,income_statement,6503.0650000000005,6503.065,9.094947017729282e-13,True,True,READY_FOR_HUMAN_REVIEW,,Approve,Eisen,"Matches p.53, 2023 column"
revolver_repaid,2023,-370000,USD thousands,AMKR_2025_10K,58,57,Payments of revolving credit facilities,"Payments of revolving credit facilities — — (370,000)",found,Parentheses preserved as negative.,cash_financing,cash_flow,370.0,370,0.0,True,True,READY_FOR_HUMAN_REVIEW,,Approve,Eisen,"Matches p.57, 2023 column"
selling_general_administrative,2023,295393,USD thousands,AMKR_2025_10K,54,53,"Selling, general and administrative","Selling, general and administrative 304,471 331,806 295,393",found,2023 column,income,income_statement,295.39300000000003,295.393,5.684341886080802e-14,True,True,READY_FOR_HUMAN_REVIEW,,Approve,Eisen,"Matches p.53, 2023 column"
share_based_compensation,2023,8277,USD thousands,AMKR_2025_10K,58,57,Share-based compensation,"Share-based compensation 20,099 18,371 8,277",found,Operating cash flow adjustment.,cash_financing,cash_flow,8.277000000000001,8.277,1.7763568394002505e-15,True,True,READY_FOR_HUMAN_REVIEW,,Approve,Eisen,"Matches p.57, 2023 column"
short_term_debt_repaid,2023,-19448,USD thousands,AMKR_2025_10K,58,57,Payments of short-term debt,"Payments of short-term debt — (9,731) (19,448)",found,Parentheses preserved as negative.,cash_financing,cash_flow,19.448,19.448,0.0,True,True,READY_FOR_HUMAN_REVIEW,,Approve,Eisen,"Matches p.57, 2023 column"
short_term_investments,2023,474869,USD thousands,AMKR_2024_10K,56,55,Short-term investments,"Short-term investments (amortized cost of $513,494 and $474,663, respectively) 512,984 474,869 ",found,"Carrying amount 474,869, not amortized cost 474,663.",balance_2023,balance_sheet,474.869,474.869,0.0,True,True,READY_FOR_HUMAN_REVIEW,,Approve,Eisen,"Matches p.55, 2023 column"
total_assets,2023,6771125,USD thousands,AMKR_2024_10K,56,55,Total assets,"Total assets $ 6,944,328 $ 6,771,125 ",found,,balance_2023,balance_sheet,6771.125,6771.125,0.0,True,True,READY_FOR_HUMAN_REVIEW,,Approve,Eisen,"Matches p.55, 2023 column"
total_equity,2023,3995035,USD thousands,AMKR_2024_10K,56,55,Total equity,"Total equity 4,183,165 3,995,035 ",found,,balance_2023,balance_sheet,3995.0350000000003,3995.035,4.547473508864641e-13,True,True,READY_FOR_HUMAN_REVIEW,,Approve,Eisen,"Matches p.55, 2023 column"
total_liabilities,2023,2776090,USD thousands,AMKR_2024_10K,56,55,Total liabilities,"Total liabilities 2,761,163 2,776,090 ",found,,balance_2023,balance_sheet,2776.09,2776.09,0.0,True,True,READY_FOR_HUMAN_REVIEW,,Approve,Eisen,"Matches p.55, 2023 column"
total_liabilities_equity,2023,6771125,USD thousands,AMKR_2024_10K,56,55,Total liabilities and equity,"Total liabilities and equity $ 6,944,328 $ 6,771,125 ",found,,balance_2023,balance_sheet,6771.125,6771.125,0.0,True,True,READY_FOR_HUMAN_REVIEW,,Approve,Eisen,"Matches p.55, 2023 column"
accounts_payable,2024,712887,USD thousands,AMKR_2025_10K,56,55,Trade accounts payable,"Trade accounts payable 912,766 712,887",found,2024 column,balance_latest,balance_sheet,712.8870000000001,712.887,1.1368683772161603e-13,True,True,READY_FOR_HUMAN_REVIEW,,Approve,Eisen,"Matches p.55, 2024 column"
accounts_receivable,2024,1055013,USD thousands,AMKR_2025_10K,56,55,"Accounts receivable, net of allowances","Accounts receivable, net of allowances of $1,028 and $1,318, respectively 1,354,825 1,055,013",found,Net of allowances,balance_latest,balance_sheet,1055.013,1055.013,0.0,True,True,READY_FOR_HUMAN_REVIEW,,Approve,Eisen,"Matches p.55, 2024 column"
accrued_expenses,2024,356337,USD thousands,AMKR_2025_10K,56,55,Accrued expenses,"Accrued expenses 370,093 356,337",found,2024 column,balance_latest,balance_sheet,356.337,356.337,0.0,True,True,READY_FOR_HUMAN_REVIEW,,Approve,Eisen,"Matches p.55, 2024 column"
capex_payable,2024,123195,USD thousands,AMKR_2025_10K,56,55,Capital expenditures payable,"Capital expenditures payable 243,543 123,195",found,2024 column,balance_latest,balance_sheet,123.19500000000001,123.195,1.4210854715202004e-14,True,True,READY_FOR_HUMAN_REVIEW,,Approve,Eisen,"Matches p.55, 2024 column"
cash_capex,2024,-743796,USD thousands,AMKR_2025_10K,58,57,"Payments for property, plant and equipment","Payments for property, plant and equipment (904,614) (743,796) (749,467)",found,Negative sign preserved.,cash_operations,cash_flow,743.796,743.796,0.0,True,True,READY_FOR_HUMAN_REVIEW,,Approve,Eisen,"Matches p.57, 2024 column"
cash_equivalents,2024,1133553,USD thousands,AMKR_2025_10K,56,55,Cash and cash equivalents,"Cash and cash equivalents $ 1,378,347 $ 1,133,553",found,2024 column,balance_latest,balance_sheet,1133.553,1133.553,0.0,True,True,READY_FOR_HUMAN_REVIEW,,Approve,Eisen,"Matches p.55, 2024 column"
cash_interest_paid,2024,60263,USD thousands,AMKR_2025_10K,59,58,Interest,"Interest $ 73,598 $ 60,263 $ 54,306 ",found,Supplemental cash paid for interest; 2024 is the second column.,cash_interest,cash_flow,60.263,60.263,0.0,True,True,READY_FOR_HUMAN_REVIEW,,Approve,Eisen,"Matches p.58, 2024 column"
change_in_cash,2024,13695,USD thousands,AMKR_2025_10K,58,57,"Net increase in cash, cash equivalents and restricted cash","Net increase in cash, cash equivalents and restricted cash 311,811 13,695 158,211",found,2024 column.,cash_operations,cash_flow,13.695,13.695,0.0,True,True,READY_FOR_HUMAN_REVIEW,,Approve,Eisen,"Matches p.57, 2024 column"
closing_cash,2024,1134312,USD thousands,AMKR_2025_10K,58,57,"Cash, cash equivalents and restricted cash, end of period","Cash, cash equivalents and restricted cash, end of period $ 1,446,123 $ 1,134,312 $ 1,120,617",found,2024 column.,cash_operations,cash_flow,1134.3120000000001,1134.312,2.2737367544323206e-13,True,True,READY_FOR_HUMAN_REVIEW,,Approve,Eisen,"Matches p.57, 2024 column"
consolidated_net_income,2024,355535,USD thousands,AMKR_2025_10K,54,53,Net income,"Net income 376,116 355,535 362,131",found,2024 column,income,income_statement,355.535,355.535,0.0,True,True,READY_FOR_HUMAN_REVIEW,,Approve,Eisen,"Matches p.53, 2024 column"
cost_of_sales,2024,5384480,USD thousands,AMKR_2025_10K,54,53,Cost of sales,"Cost of sales 5,769,382 5,384,480 5,559,912",found,2024 column,income,income_statement,5384.4800000000005,5384.48,9.094947017729282e-13,True,True,READY_FOR_HUMAN_REVIEW,,Approve,Eisen,"Matches p.53, 2024 column"
current_assets,2024,3073472,USD thousands,AMKR_2025_10K,56,55,Total current assets,"Total current assets 3,884,761 3,073,472",found,2024 column,balance_latest,balance_sheet,3073.472,3073.472,0.0,True,True,READY_FOR_HUMAN_REVIEW,,Approve,Eisen,"Matches p.55, 2024 column"
current_debt,2024,236029,USD thousands,AMKR_2025_10K,56,55,Short-term borrowings and current portion of long-term debt,"Short-term borrowings and current portion of long-term debt $ 162,430 $ 236,029",found,2024 column,balance_latest,balance_sheet,236.029,236.029,0.0,True,True,READY_FOR_HUMAN_REVIEW,,Approve,Eisen,"Matches p.55, 2024 column"
current_liabilities,2024,1455275,USD thousands,AMKR_2025_10K,56,55,Total current liabilities,"Total current liabilities 1,711,972 1,455,275",found,2024 column,balance_latest,balance_sheet,1455.275,1455.275,0.0,True,True,READY_FOR_HUMAN_REVIEW,,Approve,Eisen,"Matches p.55, 2024 column"
current_operating_lease,2024,26827,USD thousands,AMKR_2025_10K,56,55,Short-term operating lease liability,"Short-term operating lease liability 23,140 26,827",found,2024 column,balance_latest,balance_sheet,26.827,26.827,0.0,True,True,READY_FOR_HUMAN_REVIEW,,Approve,Eisen,"Matches p.55, 2024 column"
depreciation_amortization,2024,594663,USD thousands,AMKR_2025_10K,58,57,Depreciation and amortization,"Depreciation and amortization 642,008 594,663 631,508",found,2024 column (second).,cash_operations,cash_flow,594.663,594.663,0.0,True,True,READY_FOR_HUMAN_REVIEW,,Approve,Eisen,"Matches p.57, 2024 column"
dividends_paid,2024,-178605,USD thousands,AMKR_2025_10K,58,57,Payments of dividends,"Payments of dividends (81,946) (178,605) (74,686)",found,Parentheses preserved as negative.,cash_financing,cash_flow,178.605,178.605,0.0,True,True,READY_FOR_HUMAN_REVIEW,,Approve,Eisen,"Matches p.57, 2024 column"
finance_lease_principal,2024,-72255,USD thousands,AMKR_2025_10K,58,57,Payments of finance lease obligations,"Payments of finance lease obligations (89,942) (72,255) (66,398)",found,Parentheses preserved as negative.,cash_financing,cash_flow,72.255,72.255,0.0,True,True,READY_FOR_HUMAN_REVIEW,,Approve,Eisen,"Matches p.57, 2024 column"
financing_cash_flow,2024,-260432,USD thousands,AMKR_2025_10K,58,57,Net cash provided by (used in) financing activities,"Net cash provided by (used in) financing activities 98,700 (260,432) (149,207)",found,Negative sign preserved.,cash_operations,cash_flow,-260.432,-260.432,0.0,True,True,READY_FOR_HUMAN_REVIEW,,Approve,Eisen,"Matches p.57, 2024 column"
fx_effect,2024,-14417,USD thousands,AMKR_2025_10K,58,57,"Effect of exchange rate fluctuations on cash, cash equivalents and restricted cash","Effect of exchange rate fluctuations on cash, cash equivalents and restricted cash 2,549 (14,417) (10,692)",found,Negative sign preserved.,cash_operations,cash_flow,-14.417,-14.417,0.0,True,True,READY_FOR_HUMAN_REVIEW,,Approve,Eisen,"Matches p.57, 2024 column"
goodwill,2024,17947,USD thousands,AMKR_2025_10K,56,55,Goodwill,"Goodwill 18,003 17,947",found,2024 column,balance_latest,balance_sheet,17.947,17.947,0.0,True,True,READY_FOR_HUMAN_REVIEW,,Approve,Eisen,"Matches p.55, 2024 column"
gross_profit,2024,933212,USD thousands,AMKR_2025_10K,54,53,Gross profit,"Gross profit 938,599 933,212 943,153",found,2024 column,income,income_statement,933.212,933.212,0.0,True,True,READY_FOR_HUMAN_REVIEW,,Approve,Eisen,"Matches p.53, 2024 column"
income_tax_expense,2024,75481,USD thousands,AMKR_2025_10K,54,53,Income tax expense,"Income tax expense 68,503 75,481 81,710",found,2024 column,income,income_statement,75.481,75.481,0.0,True,True,READY_FOR_HUMAN_REVIEW,,Approve,Eisen,"Matches p.53, 2024 column"
interest_expense,2024,64945,USD thousands,AMKR_2025_10K,54,53,Interest expense,"Interest expense 75,444 64,945 59,000",found,2024 column,income,income_statement,64.94500000000001,64.945,1.4210854715202004e-14,True,True,READY_FOR_HUMAN_REVIEW,,Approve,Eisen,"Matches p.53, 2024 column"
inventories,2024,310910,USD thousands,AMKR_2025_10K,56,55,Inventories,"Inventories 437,797 310,910",found,2024 column,balance_latest,balance_sheet,310.91,310.91,0.0,True,True,READY_FOR_HUMAN_REVIEW,,Approve,Eisen,"Matches p.55, 2024 column"
investing_cash_flow,2024,-800324,USD thousands,AMKR_2025_10K,58,57,Net cash used in investing activities,"Net cash used in investing activities (885,044) (800,324) (951,910)",found,Negative sign preserved.,cash_operations,cash_flow,-800.3240000000001,-800.324,-1.1368683772161603e-13,True,True,READY_FOR_HUMAN_REVIEW,,Approve,Eisen,"Matches p.57, 2024 column"
long_term_debt,2024,923431,USD thousands,AMKR_2025_10K,56,55,Long-term debt,"Long-term debt 1,282,816 923,431",found,2024 column,balance_latest,balance_sheet,923.431,923.431,0.0,True,True,READY_FOR_HUMAN_REVIEW,,Approve,Eisen,"Matches p.55, 2024 column"
long_term_debt_repaid,2024,-177214,USD thousands,AMKR_2025_10K,58,57,Payments of long-term debt,"Payments of long-term debt (809,531) (177,214) (175,427)",found,Parentheses preserved as negative.,cash_financing,cash_flow,177.214,177.214,0.0,True,True,READY_FOR_HUMAN_REVIEW,,Approve,Eisen,"Matches p.57, 2024 column"
long_term_operating_lease,2024,57983,USD thousands,AMKR_2025_10K,56,55,Long-term operating lease liabilities,"Long-term operating lease liabilities 48,549 57,983",found,2024 column,balance_latest,balance_sheet,57.983000000000004,57.983,7.105427357601002e-15,True,True,READY_FOR_HUMAN_REVIEW,,Approve,Eisen,"Matches p.55, 2024 column"
nci_net_income,2024,-1523,USD thousands,AMKR_2025_10K,54,53,Net income attributable to noncontrolling interests,"Net income attributable to noncontrolling interests (2,221) (1,523) (2,318)",found,2024 column; parentheses negative as reported,income,income_statement,1.5230000000000001,1.523,2.220446049250313e-16,True,True,READY_FOR_HUMAN_REVIEW,,Approve,Eisen,"Matches p.53, 2024 column"
noncontrolling_equity,2024,33620,USD thousands,AMKR_2025_10K,56,55,Noncontrolling interests in subsidiaries,"Noncontrolling interests in subsidiaries 35,181 33,620",found,2024 column,balance_latest,balance_sheet,33.62,33.62,0.0,True,True,READY_FOR_HUMAN_REVIEW,,Approve,Eisen,"Matches p.55, 2024 column"
opening_cash,2024,1120617,USD thousands,AMKR_2025_10K,58,57,"Cash, cash equivalents and restricted cash, beginning of period","Cash, cash equivalents and restricted cash, beginning of period 1,134,312 1,120,617 962,406",found,2024 column.,cash_operations,cash_flow,1120.617,1120.617,0.0,True,True,READY_FOR_HUMAN_REVIEW,,Approve,Eisen,"Matches p.57, 2024 column"
operating_cash_flow,2024,1088868,USD thousands,AMKR_2025_10K,58,57,Net cash provided by operating activities,"Net cash provided by operating activities 1,095,606 1,088,868 1,270,020",found,2024 column.,cash_operations,cash_flow,1088.868,1088.868,0.0,True,True,READY_FOR_HUMAN_REVIEW,,Approve,Eisen,"Matches p.57, 2024 column"
operating_expenses,2024,494757,USD thousands,AMKR_2025_10K,54,53,Total operating expenses,"Total operating expenses 471,214 494,757 472,866",found,2024 column,income,income_statement,494.757,494.757,0.0,True,True,READY_FOR_HUMAN_REVIEW,,Approve,Eisen,"Matches p.53, 2024 column"
operating_income,2024,438455,USD thousands,AMKR_2025_10K,54,53,Operating income,"Operating income 467,385 438,455 470,287",found,2024 column,income,income_statement,438.455,438.455,0.0,True,True,READY_FOR_HUMAN_REVIEW,,Approve,Eisen,"Matches p.53, 2024 column"
operating_lease_rou,2024,109730,USD thousands,AMKR_2025_10K,56,55,Operating lease right of use assets,"Operating lease right of use assets 93,449 109,730",found,2024 column,balance_latest,balance_sheet,109.73,109.73,0.0,True,True,READY_FOR_HUMAN_REVIEW,,Approve,Eisen,"Matches p.55, 2024 column"
other_assets,2024,166272,USD thousands,AMKR_2025_10K,56,55,Other assets,"Other assets 201,512 166,272",found,2024 column,balance_latest,balance_sheet,166.272,166.272,0.0,True,True,READY_FOR_HUMAN_REVIEW,,Approve,Eisen,"Matches p.55, 2024 column"
other_current_assets,2024,61012,USD thousands,AMKR_2025_10K,56,55,Other current assets,"Other current assets 100,754 61,012",found,2024 column,balance_latest,balance_sheet,61.012,61.012,0.0,True,True,READY_FOR_HUMAN_REVIEW,,Approve,Eisen,"Matches p.55, 2024 column"
other_income_expense,2024,-57506,USD thousands,AMKR_2025_10K,54,53,"Other (income) expense, net","Other (income) expense, net (52,678) (57,506) (32,554)",found,2024 column; parentheses negative (income),income,income_statement,-57.506,-57.506,0.0,True,True,READY_FOR_HUMAN_REVIEW,,Approve,Eisen,"Matches p.53, 2024 column"
other_noncurrent_liabilities,2024,253880,USD thousands,AMKR_2025_10K,56,55,Other non-current liabilities,"Other non-current liabilities 517,467 253,880",found,2024 column,balance_latest,balance_sheet,253.88,253.88,0.0,True,True,READY_FOR_HUMAN_REVIEW,,Approve,Eisen,"Matches p.55, 2024 column"
parent_equity,2024,4149545,USD thousands,AMKR_2025_10K,56,55,Total Amkor stockholders’ equity,"Total Amkor stockholders’ equity 4,471,106 4,149,545",found,2024 column,balance_latest,balance_sheet,4149.545,4149.545,0.0,True,True,READY_FOR_HUMAN_REVIEW,,Approve,Eisen,"Matches p.55, 2024 column"
parent_net_income,2024,354012,USD thousands,AMKR_2025_10K,54,53,Net income attributable to Amkor,"Net income attributable to Amkor $ 373,895 $ 354,012 $ 359,813",found,2024 column,income,income_statement,354.012,354.012,0.0,True,True,READY_FOR_HUMAN_REVIEW,,Approve,Eisen,"Matches p.53, 2024 column"
pension_severance,2024,70594,USD thousands,AMKR_2025_10K,56,55,Pension and severance obligations,"Pension and severance obligations 69,218 70,594",found,2024 column,balance_latest,balance_sheet,70.59400000000001,70.594,1.4210854715202004e-14,True,True,READY_FOR_HUMAN_REVIEW,,Approve,Eisen,"Matches p.55, 2024 column"
ppe_sale_proceeds,2024,3981,USD thousands,AMKR_2025_10K,58,57,"Proceeds from sale of property, plant and equipment","Proceeds from sale of property, plant and equipment 110,279 3,981 8,444",found,Positive inflow.,cash_financing,cash_flow,3.981,3.981,0.0,True,True,READY_FOR_HUMAN_REVIEW,,Approve,Eisen,"Matches p.57, 2024 column"
pretax_income,2024,431016,USD thousands,AMKR_2025_10K,54,53,Income before taxes,"Income before taxes 444,619 431,016 443,841",found,2024 column,income,income_statement,431.016,431.016,0.0,True,True,READY_FOR_HUMAN_REVIEW,,Approve,Eisen,"Matches p.53, 2024 column"
property_plant_equipment_net,2024,3576148,USD thousands,AMKR_2025_10K,56,55,"Property, plant and equipment, net","Property, plant and equipment, net 3,870,808 3,576,148",found,2024 column,balance_latest,balance_sheet,3576.148,3576.148,0.0,True,True,READY_FOR_HUMAN_REVIEW,,Approve,Eisen,"Matches p.55, 2024 column"
research_development,2024,162951,USD thousands,AMKR_2025_10K,54,53,Research and development,"Research and development 166,743 162,951 177,473",found,2024 column,income,income_statement,162.951,162.951,0.0,True,True,READY_FOR_HUMAN_REVIEW,,Approve,Eisen,"Matches p.53, 2024 column"
restricted_cash_noncurrent,2024,759,USD thousands,AMKR_2025_10K,56,55,Restricted cash,"Restricted cash 67,776 759",found,"Listed after current assets total, so noncurrent",balance_latest,balance_sheet,0.759,0.759,0.0,True,True,READY_FOR_HUMAN_REVIEW,,Approve,Eisen,"Matches p.55, 2024 column"
revenue,2024,6317692,USD thousands,AMKR_2025_10K,54,53,Net sales,"Net sales $ 6,707,981 $ 6,317,692 $ 6,503,065",found,2024 column,income,income_statement,6317.692,6317.692,0.0,True,True,READY_FOR_HUMAN_REVIEW,,Approve,Eisen,"Matches p.53, 2024 column"
revolver_repaid,2024,0,USD thousands,AMKR_2025_10K,58,57,Payments of revolving credit facilities,"Payments of revolving credit facilities — — (370,000)",found,Explicit dash in 2024 column treated as zero.,cash_financing,cash_flow,0.0,0,0.0,True,True,READY_FOR_HUMAN_REVIEW,,Approve,Eisen,"Matches p.57, 2024 column"
selling_general_administrative,2024,331806,USD thousands,AMKR_2025_10K,54,53,"Selling, general and administrative","Selling, general and administrative 304,471 331,806 295,393",found,2024 column,income,income_statement,331.806,331.806,0.0,True,True,READY_FOR_HUMAN_REVIEW,,Approve,Eisen,"Matches p.53, 2024 column"
share_based_compensation,2024,18371,USD thousands,AMKR_2025_10K,58,57,Share-based compensation,"Share-based compensation 20,099 18,371 8,277",found,Operating cash flow adjustment.,cash_financing,cash_flow,18.371,18.371,0.0,True,True,READY_FOR_HUMAN_REVIEW,,Approve,Eisen,"Matches p.57, 2024 column"
short_term_debt_repaid,2024,-9731,USD thousands,AMKR_2025_10K,58,57,Payments of short-term debt,"Payments of short-term debt — (9,731) (19,448)",found,Parentheses preserved as negative.,cash_financing,cash_flow,9.731,9.731,0.0,True,True,READY_FOR_HUMAN_REVIEW,,Approve,Eisen,"Matches p.57, 2024 column"
short_term_investments,2024,512984,USD thousands,AMKR_2025_10K,56,55,Short-term investments,"Short-term investments (amortized cost of $612,344 and $513,494, respectively) 613,038 512,984",found,"Carrying amount, not amortized cost",balance_latest,balance_sheet,512.984,512.984,0.0,True,True,READY_FOR_HUMAN_REVIEW,,Approve,Eisen,"Matches p.55, 2024 column"
total_assets,2024,6944328,USD thousands,AMKR_2025_10K,56,55,Total assets,"Total assets $ 8,136,309 $ 6,944,328",found,2024 column,balance_latest,balance_sheet,6944.328,6944.328,0.0,True,True,READY_FOR_HUMAN_REVIEW,,Approve,Eisen,"Matches p.55, 2024 column"
total_equity,2024,4183165,USD thousands,AMKR_2025_10K,56,55,Total equity,"Total equity 4,506,287 4,183,165",found,2024 column,balance_latest,balance_sheet,4183.165,4183.165,0.0,True,True,READY_FOR_HUMAN_REVIEW,,Approve,Eisen,"Matches p.55, 2024 column"
total_liabilities,2024,2761163,USD thousands,AMKR_2025_10K,56,55,Total liabilities,"Total liabilities 3,630,022 2,761,163",found,2024 column,balance_latest,balance_sheet,2761.163,2761.163,0.0,True,True,READY_FOR_HUMAN_REVIEW,,Approve,Eisen,"Matches p.55, 2024 column"
total_liabilities_equity,2024,6944328,USD thousands,AMKR_2025_10K,56,55,Total liabilities and equity,"Total liabilities and equity $ 8,136,309 $ 6,944,328",found,2024 column,balance_latest,balance_sheet,6944.328,6944.328,0.0,True,True,READY_FOR_HUMAN_REVIEW,,Approve,Eisen,"Matches p.55, 2024 column"
accounts_payable,2025,912766,USD thousands,AMKR_2025_10K,56,55,Trade accounts payable,"Trade accounts payable 912,766 712,887",found,2025 column,balance_latest,balance_sheet,912.766,912.766,0.0,True,True,READY_FOR_HUMAN_REVIEW,,Approve,Eisen,"Matches p.55, 2025 column"
accounts_receivable,2025,1354825,USD thousands,AMKR_2025_10K,56,55,"Accounts receivable, net of allowances","Accounts receivable, net of allowances of $1,028 and $1,318, respectively 1,354,825 1,055,013",found,Net of allowances,balance_latest,balance_sheet,1354.825,1354.825,0.0,True,True,READY_FOR_HUMAN_REVIEW,,Approve,Eisen,"Matches p.55, 2025 column"
accrued_expenses,2025,370093,USD thousands,AMKR_2025_10K,56,55,Accrued expenses,"Accrued expenses 370,093 356,337",found,2025 column,balance_latest,balance_sheet,370.093,370.093,0.0,True,True,READY_FOR_HUMAN_REVIEW,,Approve,Eisen,"Matches p.55, 2025 column"
capex_payable,2025,243543,USD thousands,AMKR_2025_10K,56,55,Capital expenditures payable,"Capital expenditures payable 243,543 123,195",found,2025 column,balance_latest,balance_sheet,243.543,243.543,0.0,True,True,READY_FOR_HUMAN_REVIEW,,Approve,Eisen,"Matches p.55, 2025 column"
cash_capex,2025,-904614,USD thousands,AMKR_2025_10K,58,57,"Payments for property, plant and equipment","Payments for property, plant and equipment (904,614) (743,796) (749,467)",found,Negative sign preserved.,cash_operations,cash_flow,904.614,904.614,0.0,True,True,READY_FOR_HUMAN_REVIEW,,Approve,Eisen,"Matches p.57, 2025 column"
cash_equivalents,2025,1378347,USD thousands,AMKR_2025_10K,56,55,Cash and cash equivalents,"Cash and cash equivalents $ 1,378,347 $ 1,133,553",found,2025 column,balance_latest,balance_sheet,1378.347,1378.347,0.0,True,True,READY_FOR_HUMAN_REVIEW,,Approve,Eisen,"Matches p.55, 2025 column"
cash_interest_paid,2025,73598,USD thousands,AMKR_2025_10K,59,58,Interest,"Interest $ 73,598 $ 60,263 $ 54,306 ",found,"Supplemental cash paid for interest; 2025 column is first of three (2025, 2024, 2023).",cash_interest,cash_flow,73.598,73.598,0.0,True,True,READY_FOR_HUMAN_REVIEW,,Approve,Eisen,"Matches p.58, 2025 column"
change_in_cash,2025,311811,USD thousands,AMKR_2025_10K,58,57,"Net increase in cash, cash equivalents and restricted cash","Net increase in cash, cash equivalents and restricted cash 311,811 13,695 158,211",found,2025 column.,cash_operations,cash_flow,311.811,311.811,0.0,True,True,READY_FOR_HUMAN_REVIEW,,Approve,Eisen,"Matches p.57, 2025 column"
closing_cash,2025,1446123,USD thousands,AMKR_2025_10K,58,57,"Cash, cash equivalents and restricted cash, end of period","Cash, cash equivalents and restricted cash, end of period $ 1,446,123 $ 1,134,312 $ 1,120,617",found,2025 column.,cash_operations,cash_flow,1446.123,1446.123,0.0,True,True,READY_FOR_HUMAN_REVIEW,,Approve,Eisen,"Matches p.57, 2025 column"
consolidated_net_income,2025,376116,USD thousands,AMKR_2025_10K,54,53,Net income,"Net income 376,116 355,535 362,131",found,2025 column,income,income_statement,376.116,376.116,0.0,True,True,READY_FOR_HUMAN_REVIEW,,Approve,Eisen,"Matches p.53, 2025 column"
cost_of_sales,2025,5769382,USD thousands,AMKR_2025_10K,54,53,Cost of sales,"Cost of sales 5,769,382 5,384,480 5,559,912",found,2025 column,income,income_statement,5769.3820000000005,5769.382,9.094947017729282e-13,True,True,READY_FOR_HUMAN_REVIEW,,Approve,Eisen,"Matches p.53, 2025 column"
current_assets,2025,3884761,USD thousands,AMKR_2025_10K,56,55,Total current assets,"Total current assets 3,884,761 3,073,472",found,2025 column,balance_latest,balance_sheet,3884.761,3884.761,0.0,True,True,READY_FOR_HUMAN_REVIEW,,Approve,Eisen,"Matches p.55, 2025 column"
current_debt,2025,162430,USD thousands,AMKR_2025_10K,56,55,Short-term borrowings and current portion of long-term debt,"Short-term borrowings and current portion of long-term debt $ 162,430 $ 236,029",found,2025 column,balance_latest,balance_sheet,162.43,162.43,0.0,True,True,READY_FOR_HUMAN_REVIEW,,Approve,Eisen,"Matches p.55, 2025 column"
current_liabilities,2025,1711972,USD thousands,AMKR_2025_10K,56,55,Total current liabilities,"Total current liabilities 1,711,972 1,455,275",found,2025 column,balance_latest,balance_sheet,1711.972,1711.972,0.0,True,True,READY_FOR_HUMAN_REVIEW,,Approve,Eisen,"Matches p.55, 2025 column"
current_operating_lease,2025,23140,USD thousands,AMKR_2025_10K,56,55,Short-term operating lease liability,"Short-term operating lease liability 23,140 26,827",found,2025 column,balance_latest,balance_sheet,23.14,23.14,0.0,True,True,READY_FOR_HUMAN_REVIEW,,Approve,Eisen,"Matches p.55, 2025 column"
depreciation_amortization,2025,642008,USD thousands,AMKR_2025_10K,58,57,Depreciation and amortization,"Depreciation and amortization 642,008 594,663 631,508",found,2025 column (first).,cash_operations,cash_flow,642.008,642.008,0.0,True,True,READY_FOR_HUMAN_REVIEW,,Approve,Eisen,"Matches p.57, 2025 column"
dividends_paid,2025,-81946,USD thousands,AMKR_2025_10K,58,57,Payments of dividends,"Payments of dividends (81,946) (178,605) (74,686)",found,Parentheses preserved as negative.,cash_financing,cash_flow,81.946,81.946,0.0,True,True,READY_FOR_HUMAN_REVIEW,,Approve,Eisen,"Matches p.57, 2025 column"
finance_lease_principal,2025,-89942,USD thousands,AMKR_2025_10K,58,57,Payments of finance lease obligations,"Payments of finance lease obligations (89,942) (72,255) (66,398)",found,Parentheses preserved as negative.,cash_financing,cash_flow,89.94200000000001,89.942,1.4210854715202004e-14,True,True,READY_FOR_HUMAN_REVIEW,,Approve,Eisen,"Matches p.57, 2025 column"
financing_cash_flow,2025,98700,USD thousands,AMKR_2025_10K,58,57,Net cash provided by (used in) financing activities,"Net cash provided by (used in) financing activities 98,700 (260,432) (149,207)",found,Positive in 2025.,cash_operations,cash_flow,98.7,98.7,0.0,True,True,READY_FOR_HUMAN_REVIEW,,Approve,Eisen,"Matches p.57, 2025 column"
fx_effect,2025,2549,USD thousands,AMKR_2025_10K,58,57,"Effect of exchange rate fluctuations on cash, cash equivalents and restricted cash","Effect of exchange rate fluctuations on cash, cash equivalents and restricted cash 2,549 (14,417) (10,692)",found,Positive in 2025.,cash_operations,cash_flow,2.549,2.549,0.0,True,True,READY_FOR_HUMAN_REVIEW,,Approve,Eisen,"Matches p.57, 2025 column"
goodwill,2025,18003,USD thousands,AMKR_2025_10K,56,55,Goodwill,"Goodwill 18,003 17,947",found,2025 column,balance_latest,balance_sheet,18.003,18.003,0.0,True,True,READY_FOR_HUMAN_REVIEW,,Approve,Eisen,"Matches p.55, 2025 column"
gross_profit,2025,938599,USD thousands,AMKR_2025_10K,54,53,Gross profit,"Gross profit 938,599 933,212 943,153",found,2025 column,income,income_statement,938.599,938.599,0.0,True,True,READY_FOR_HUMAN_REVIEW,,Approve,Eisen,"Matches p.53, 2025 column"
income_tax_expense,2025,68503,USD thousands,AMKR_2025_10K,54,53,Income tax expense,"Income tax expense 68,503 75,481 81,710",found,2025 column,income,income_statement,68.503,68.503,0.0,True,True,READY_FOR_HUMAN_REVIEW,,Approve,Eisen,"Matches p.53, 2025 column"
interest_expense,2025,75444,USD thousands,AMKR_2025_10K,54,53,Interest expense,"Interest expense 75,444 64,945 59,000",found,2025 column,income,income_statement,75.444,75.444,0.0,True,True,READY_FOR_HUMAN_REVIEW,,Approve,Eisen,"Matches p.53, 2025 column"
inventories,2025,437797,USD thousands,AMKR_2025_10K,56,55,Inventories,"Inventories 437,797 310,910",found,2025 column,balance_latest,balance_sheet,437.797,437.797,0.0,True,True,READY_FOR_HUMAN_REVIEW,,Approve,Eisen,"Matches p.55, 2025 column"
investing_cash_flow,2025,-885044,USD thousands,AMKR_2025_10K,58,57,Net cash used in investing activities,"Net cash used in investing activities (885,044) (800,324) (951,910)",found,Negative sign preserved.,cash_operations,cash_flow,-885.044,-885.044,0.0,True,True,READY_FOR_HUMAN_REVIEW,,Approve,Eisen,"Matches p.57, 2025 column"
long_term_debt,2025,1282816,USD thousands,AMKR_2025_10K,56,55,Long-term debt,"Long-term debt 1,282,816 923,431",found,2025 column,balance_latest,balance_sheet,1282.816,1282.816,0.0,True,True,READY_FOR_HUMAN_REVIEW,,Approve,Eisen,"Matches p.55, 2025 column"
long_term_debt_repaid,2025,-809531,USD thousands,AMKR_2025_10K,58,57,Payments of long-term debt,"Payments of long-term debt (809,531) (177,214) (175,427)",found,Parentheses preserved as negative.,cash_financing,cash_flow,809.5310000000001,809.531,1.1368683772161603e-13,True,True,READY_FOR_HUMAN_REVIEW,,Approve,Eisen,"Matches p.57, 2025 column"
long_term_operating_lease,2025,48549,USD thousands,AMKR_2025_10K,56,55,Long-term operating lease liabilities,"Long-term operating lease liabilities 48,549 57,983",found,2025 column,balance_latest,balance_sheet,48.549,48.549,0.0,True,True,READY_FOR_HUMAN_REVIEW,,Approve,Eisen,"Matches p.55, 2025 column"
nci_net_income,2025,-2221,USD thousands,AMKR_2025_10K,54,53,Net income attributable to noncontrolling interests,"Net income attributable to noncontrolling interests (2,221) (1,523) (2,318)",found,2025 column; parentheses negative as reported,income,income_statement,2.221,2.221,0.0,True,True,READY_FOR_HUMAN_REVIEW,,Approve,Eisen,"Matches p.53, 2025 column"
noncontrolling_equity,2025,35181,USD thousands,AMKR_2025_10K,56,55,Noncontrolling interests in subsidiaries,"Noncontrolling interests in subsidiaries 35,181 33,620",found,2025 column,balance_latest,balance_sheet,35.181,35.181,0.0,True,True,READY_FOR_HUMAN_REVIEW,,Approve,Eisen,"Matches p.55, 2025 column"
opening_cash,2025,1134312,USD thousands,AMKR_2025_10K,58,57,"Cash, cash equivalents and restricted cash, beginning of period","Cash, cash equivalents and restricted cash, beginning of period 1,134,312 1,120,617 962,406",found,2025 column.,cash_operations,cash_flow,1134.3120000000001,1134.312,2.2737367544323206e-13,True,True,READY_FOR_HUMAN_REVIEW,,Approve,Eisen,"Matches p.57, 2025 column"
operating_cash_flow,2025,1095606,USD thousands,AMKR_2025_10K,58,57,Net cash provided by operating activities,"Net cash provided by operating activities 1,095,606 1,088,868 1,270,020",found,2025 column.,cash_operations,cash_flow,1095.606,1095.606,0.0,True,True,READY_FOR_HUMAN_REVIEW,,Approve,Eisen,"Matches p.57, 2025 column"
operating_expenses,2025,471214,USD thousands,AMKR_2025_10K,54,53,Total operating expenses,"Total operating expenses 471,214 494,757 472,866",found,2025 column,income,income_statement,471.214,471.214,0.0,True,True,READY_FOR_HUMAN_REVIEW,,Approve,Eisen,"Matches p.53, 2025 column"
operating_income,2025,467385,USD thousands,AMKR_2025_10K,54,53,Operating income,"Operating income 467,385 438,455 470,287",found,2025 column,income,income_statement,467.385,467.385,0.0,True,True,READY_FOR_HUMAN_REVIEW,,Approve,Eisen,"Matches p.53, 2025 column"
operating_lease_rou,2025,93449,USD thousands,AMKR_2025_10K,56,55,Operating lease right of use assets,"Operating lease right of use assets 93,449 109,730",found,2025 column,balance_latest,balance_sheet,93.449,93.449,0.0,True,True,READY_FOR_HUMAN_REVIEW,,Approve,Eisen,"Matches p.55, 2025 column"
other_assets,2025,201512,USD thousands,AMKR_2025_10K,56,55,Other assets,"Other assets 201,512 166,272",found,2025 column,balance_latest,balance_sheet,201.512,201.512,0.0,True,True,READY_FOR_HUMAN_REVIEW,,Approve,Eisen,"Matches p.55, 2025 column"
other_current_assets,2025,100754,USD thousands,AMKR_2025_10K,56,55,Other current assets,"Other current assets 100,754 61,012",found,2025 column,balance_latest,balance_sheet,100.754,100.754,0.0,True,True,READY_FOR_HUMAN_REVIEW,,Approve,Eisen,"Matches p.55, 2025 column"
other_income_expense,2025,-52678,USD thousands,AMKR_2025_10K,54,53,"Other (income) expense, net","Other (income) expense, net (52,678) (57,506) (32,554)",found,2025 column; parentheses negative (income),income,income_statement,-52.678000000000004,-52.678,-7.105427357601002e-15,True,True,READY_FOR_HUMAN_REVIEW,,Approve,Eisen,"Matches p.53, 2025 column"
other_noncurrent_liabilities,2025,517467,USD thousands,AMKR_2025_10K,56,55,Other non-current liabilities,"Other non-current liabilities 517,467 253,880",found,2025 column,balance_latest,balance_sheet,517.467,517.467,0.0,True,True,READY_FOR_HUMAN_REVIEW,,Approve,Eisen,"Matches p.55, 2025 column"
parent_equity,2025,4471106,USD thousands,AMKR_2025_10K,56,55,Total Amkor stockholders’ equity,"Total Amkor stockholders’ equity 4,471,106 4,149,545",found,2025 column,balance_latest,balance_sheet,4471.106,4471.106,0.0,True,True,READY_FOR_HUMAN_REVIEW,,Approve,Eisen,"Matches p.55, 2025 column"
parent_net_income,2025,373895,USD thousands,AMKR_2025_10K,54,53,Net income attributable to Amkor,"Net income attributable to Amkor $ 373,895 $ 354,012 $ 359,813",found,2025 column,income,income_statement,373.895,373.895,0.0,True,True,READY_FOR_HUMAN_REVIEW,,Approve,Eisen,"Matches p.53, 2025 column"
pension_severance,2025,69218,USD thousands,AMKR_2025_10K,56,55,Pension and severance obligations,"Pension and severance obligations 69,218 70,594",found,2025 column,balance_latest,balance_sheet,69.218,69.218,0.0,True,True,READY_FOR_HUMAN_REVIEW,,Approve,Eisen,"Matches p.55, 2025 column"
ppe_sale_proceeds,2025,110279,USD thousands,AMKR_2025_10K,58,57,"Proceeds from sale of property, plant and equipment","Proceeds from sale of property, plant and equipment 110,279 3,981 8,444",found,Positive inflow.,cash_financing,cash_flow,110.279,110.279,0.0,True,True,READY_FOR_HUMAN_REVIEW,,Approve,Eisen,"Matches p.57, 2025 column"
pretax_income,2025,444619,USD thousands,AMKR_2025_10K,54,53,Income before taxes,"Income before taxes 444,619 431,016 443,841",found,2025 column,income,income_statement,444.619,444.619,0.0,True,True,READY_FOR_HUMAN_REVIEW,,Approve,Eisen,"Matches p.53, 2025 column"
property_plant_equipment_net,2025,3870808,USD thousands,AMKR_2025_10K,56,55,"Property, plant and equipment, net","Property, plant and equipment, net 3,870,808 3,576,148",found,2025 column,balance_latest,balance_sheet,3870.808,3870.808,0.0,True,True,READY_FOR_HUMAN_REVIEW,,Approve,Eisen,"Matches p.55, 2025 column"
research_development,2025,166743,USD thousands,AMKR_2025_10K,54,53,Research and development,"Research and development 166,743 162,951 177,473",found,2025 column,income,income_statement,166.743,166.743,0.0,True,True,READY_FOR_HUMAN_REVIEW,,Approve,Eisen,"Matches p.53, 2025 column"
restricted_cash_noncurrent,2025,67776,USD thousands,AMKR_2025_10K,56,55,Restricted cash,"Restricted cash 67,776 759",found,"Listed after current assets total, so noncurrent",balance_latest,balance_sheet,67.776,67.776,0.0,True,True,READY_FOR_HUMAN_REVIEW,,Approve,Eisen,"Matches p.55, 2025 column"
revenue,2025,6707981,USD thousands,AMKR_2025_10K,54,53,Net sales,"Net sales $ 6,707,981 $ 6,317,692 $ 6,503,065",found,2025 column,income,income_statement,6707.981,6707.981,0.0,True,True,READY_FOR_HUMAN_REVIEW,,Approve,Eisen,"Matches p.53, 2025 column"
revolver_repaid,2025,0,USD thousands,AMKR_2025_10K,58,57,Payments of revolving credit facilities,"Payments of revolving credit facilities — — (370,000)",found,Explicit dash in 2025 column treated as zero.,cash_financing,cash_flow,0.0,0,0.0,True,True,READY_FOR_HUMAN_REVIEW,,Approve,Eisen,"Matches p.57, 2025 column"
selling_general_administrative,2025,304471,USD thousands,AMKR_2025_10K,54,53,"Selling, general and administrative","Selling, general and administrative 304,471 331,806 295,393",found,2025 column,income,income_statement,304.471,304.471,0.0,True,True,READY_FOR_HUMAN_REVIEW,,Approve,Eisen,"Matches p.53, 2025 column"
share_based_compensation,2025,20099,USD thousands,AMKR_2025_10K,58,57,Share-based compensation,"Share-based compensation 20,099 18,371 8,277",found,Operating cash flow adjustment.,cash_financing,cash_flow,20.099,20.099,0.0,True,True,READY_FOR_HUMAN_REVIEW,,Approve,Eisen,"Matches p.57, 2025 column"
short_term_debt_repaid,2025,0,USD thousands,AMKR_2025_10K,58,57,Payments of short-term debt,"Payments of short-term debt — (9,731) (19,448)",found,Explicit dash in 2025 column treated as zero.,cash_financing,cash_flow,0.0,0,0.0,True,True,READY_FOR_HUMAN_REVIEW,,Approve,Eisen,"Matches p.57, 2025 column"
short_term_investments,2025,613038,USD thousands,AMKR_2025_10K,56,55,Short-term investments,"Short-term investments (amortized cost of $612,344 and $513,494, respectively) 613,038 512,984",found,"Carrying amount, not amortized cost",balance_latest,balance_sheet,613.038,613.038,0.0,True,True,READY_FOR_HUMAN_REVIEW,,Approve,Eisen,"Matches p.55, 2025 column"
total_assets,2025,8136309,USD thousands,AMKR_2025_10K,56,55,Total assets,"Total assets $ 8,136,309 $ 6,944,328",found,2025 column,balance_latest,balance_sheet,8136.309,8136.309,0.0,True,True,READY_FOR_HUMAN_REVIEW,,Approve,Eisen,"Matches p.55, 2025 column"
total_equity,2025,4506287,USD thousands,AMKR_2025_10K,56,55,Total equity,"Total equity 4,506,287 4,183,165",found,2025 column,balance_latest,balance_sheet,4506.287,4506.287,0.0,True,True,READY_FOR_HUMAN_REVIEW,,Approve,Eisen,"Matches p.55, 2025 column"
total_liabilities,2025,3630022,USD thousands,AMKR_2025_10K,56,55,Total liabilities,"Total liabilities 3,630,022 2,761,163",found,2025 column,balance_latest,balance_sheet,3630.022,3630.022,0.0,True,True,READY_FOR_HUMAN_REVIEW,,Approve,Eisen,"Matches p.55, 2025 column"
total_liabilities_equity,2025,8136309,USD thousands,AMKR_2025_10K,56,55,Total liabilities and equity,"Total liabilities and equity $ 8,136,309 $ 6,944,328",found,2025 column,balance_latest,balance_sheet,8136.309,8136.309,0.0,True,True,READY_FOR_HUMAN_REVIEW,,Approve,Eisen,"Matches p.55, 2025 column"
