fiscal_year,check,difference_usd_millions,status
2023,Assets = liabilities + equity,-4.547473508864641e-13,PASS
2023,Liabilities + equity = reported total,0.0,PASS
2023,Parent + NCI equity = total equity,-4.547473508864641e-13,PASS
2023,Revenue - COGS = gross profit,2.2737367544323206e-13,PASS
2023,SG&A + R&D = operating expenses,5.684341886080802e-14,PASS
2023,Gross profit - opex = EBIT,0.0,PASS
2023,EBIT - interest - other expense = pretax,0.0,PASS
2023,Pretax - tax = net income,-5.684341886080802e-14,PASS
2023,Net income - NCI = parent income,5.684341886080802e-14,PASS
2023,CFO + CFI + CFF + FX = change in cash,0.0,PASS
2023,Opening + change = closing cash,2.2737367544323206e-13,PASS
2023,Cash + restricted = cash-flow ending cash,0.0,PASS
2024,Assets = liabilities + equity,9.094947017729282e-13,PASS
2024,Liabilities + equity = reported total,-9.094947017729282e-13,PASS
2024,Parent + NCI equity = total equity,0.0,PASS
2024,Revenue - COGS = gross profit,-4.547473508864641e-13,PASS
2024,SG&A + R&D = operating expenses,-5.684341886080802e-14,PASS
2024,Gross profit - opex = EBIT,0.0,PASS
2024,EBIT - interest - other expense = pretax,-5.684341886080802e-14,PASS
2024,Pretax - tax = net income,0.0,PASS
2024,Net income - NCI = parent income,0.0,PASS
2024,CFO + CFI + CFF + FX = change in cash,-1.474376176702208e-13,PASS
2024,Opening + change = closing cash,-2.2737367544323206e-13,PASS
2024,Cash + restricted = cash-flow ending cash,0.0,PASS
2025,Assets = liabilities + equity,0.0,PASS
2025,Liabilities + equity = reported total,0.0,PASS
2025,Parent + NCI equity = total equity,-9.094947017729282e-13,PASS
2025,Revenue - COGS = gross profit,-7.958078640513122e-13,PASS
2025,SG&A + R&D = operating expenses,0.0,PASS
2025,Gross profit - opex = EBIT,5.684341886080802e-14,PASS
2025,EBIT - interest - other expense = pretax,-5.684341886080802e-14,PASS
2025,Pretax - tax = net income,5.684341886080802e-14,PASS
2025,Net income - NCI = parent income,0.0,PASS
2025,CFO + CFI + CFF + FX = change in cash,5.684341886080802e-14,PASS
2025,Opening + change = closing cash,0.0,PASS
2025,Cash + restricted = cash-flow ending cash,0.0,PASS
